{"cameraMode":{"drawMode":0,"name":"Shaded","section":"Shading Mode"},"sceneLighting":true,"audioPlay":false,"sceneViewState":{"showFog":true,"showMaterialUpdate":false,"showSkybox":true,"showFlares":true,"showImageEffects":true,"showParticleSystems":true},"in2DMode":false,"pivot":{"x":10.336735725402832,"y":-1.7057161331176758,"z":18.958770751953126},"rotation":{"x":0.036924973130226138,"y":-0.889348030090332,"z":0.07299880683422089,"w":0.4498530626296997},"size":19.610130310058595,"orthographic":false}